id,email,name
51,Porter Grimes@mail.com,Prince Crooks
52,Arleen Willms@mail.com,Alva Deckow Jr.
53,Kerry Johnson@mail.com,Allen Emard
54,Tonette Rogahn JD@mail.com,Weston Tillman
55,Narcisa Romaguera@mail.com,Levi Bashirian
56,Modesto Heaney@mail.com,Sandy Littel
57,Eldon Huel@mail.com,Logan Stoltenberg
58,Jodie Jast@mail.com,Prof. Verlie Johnson
59,Lily Torphy@mail.com,Robbie Champlin
60,Glenn Hackett@mail.com,Carolin Reilly
61,Alaine Dickinson@mail.com,Mrs. Rossana Ortiz
62,Natashia Padberg@mail.com,Emil Okuneva
63,Nathanial DuBuque@mail.com,Tyree Bechtelar
64,Etha Hoeger@mail.com,Clay Ledner
65,Claretha Leffler@mail.com,Cathy Berge DVM
66,Von Murazik@mail.com,Jeramy Doyle MD
67,Shari Feil@mail.com,Fr. Celena Greenholt
68,Gov. Cecil Hamill@mail.com,Kyle Halvorson
69,Dee Wiegand@mail.com,Marceline Leffler
70,Willard Haley@mail.com,Fr. Hollis Langworth
71,Quincy Nikolaus@mail.com,Rupert Hayes
72,Velva Turner@mail.com,Jc Dickinson IV
73,Samatha Runolfsson@mail.com,Ozie Wehner JD
74,Arlette Roob@mail.com,Earl McDermott PhD
75,Reyes Weber Ret.@mail.com,Susan Lubowitz DDS
76,Carrol Auer JD@mail.com,Jaimee Kuphal
77,Korey Wolff@mail.com,Lewis Hudson
78,Preston Herzog@mail.com,Sacha Murray
79,Almeda Quitzon@mail.com,Lee Kihn JD
80,Eufemia Roob@mail.com,Leonardo Schuppe
81,Ollie Kuhic@mail.com,Corene Ortiz
82,Ilana Huel@mail.com,Melina Schultz
83,Carrol VonRueden DO@mail.com,Genevie Lind
84,Val Jast IV@mail.com,Nichelle Koss
85,Analisa Kassulke@mail.com,Bert Hackett
86,Tommy Upton@mail.com,Glen Kuhn
87,Merle Grady@mail.com,Sharen Stracke
88,Fr. Carmine Dooley@mail.com,Willodean Bednar
89,Msgr. Michael Bashirian@mail.com,Terina Little
90,Boyd Reinger@mail.com,Mathew Hegmann
91,Colby Dare@mail.com,Dr. Adah Deckow
92,Lynn Hilpert@mail.com,Prof. Hermila Gottlieb
93,Arlena Pfannerstill MD@mail.com,Tristan McLaughlin
94,Sebastian Tillman@mail.com,Brent Pacocha DDS
95,Lucie Steuber@mail.com,Dr. David Runolfsdottir
96,Vance Nader@mail.com,Kyoko Grimes
97,Alisha Bins@mail.com,Abraham Reynolds
98,Laquanda Reichel DO@mail.com,Major Anderson
99,Marcellus Becker Jr.@mail.com,Beaulah Konopelski DDS
