id,email,name
1,Albina Stark@mail.com,Marcelo Emard
2,Rep. Dustin Rohan@mail.com,Gracie Little
3,Tatyana Reichert IV@mail.com,Rev. Fausto Kub
4,Andres Lang VM@mail.com,Armand Wisozk
5,Ollie Veum@mail.com,Santo Bauch
6,Alesha Hauck@mail.com,Erlene Murphy
7,Mrs. Chad Upton@mail.com,Dorathy Johnson
8,Lilli Corwin@mail.com,Taisha O'Connell
9,Raeann Padberg@mail.com,Gov. Cameron Pollich
10,Taisha Schiller@mail.com,Lazaro Gislason
11,Damien Mraz JD@mail.com,Mohammad Pfeffer DDS
12,Ms. Drucilla Homenick@mail.com,Jeramy Glover
13,Doreatha Bauch@mail.com,Joanna Block
14,Darin Macejkovic DVM@mail.com,Epifania Hand DDS
15,Kylie Larson@mail.com,Christopher Kohler
16,Ernest McLaughlin@mail.com,Rico Kilback
17,Hal Haley II@mail.com,Autumn Hyatt
18,Aron Brekke@mail.com,Tamar Abshire
19,Janette Howell@mail.com,Fay Dicki
20,Vernita Keeling@mail.com,Jeanie Casper I
21,Rep. Raeann Treutel@mail.com,Andres Leuschke
22,Dale Will@mail.com,Rozella Bins
23,Kera Rau@mail.com,Quinton Walker
24,Hugh Kulas@mail.com,Caroll Kozey
25,Allen Baumbach@mail.com,Remedios Konopelski
26,Msgr. Adan Kassulke@mail.com,Marcy Kerluke DDS
27,Shane Mueller@mail.com,Woodrow Reichert
28,Dale Weimann@mail.com,Craig Stamm
29,Msgr. Clifford Kovacek@mail.com,Venessa Crist
30,Amb. Twanna Bayer@mail.com,Tara Grady
31,Britney Ward@mail.com,Willis Kuhn Sr.
32,Cindy Satterfield VM@mail.com,Damon Swift
33,Pres. Augustus Fay@mail.com,Franklin Ullrich III
34,Tommy Mohr@mail.com,Glenn Larson II
35,Dr. Bradford Dietrich@mail.com,Leland Auer IV
36,Amb. Gordon Kilback@mail.com,Cristopher Mosciski
37,Owen Shanahan@mail.com,Fanny O'Conner
38,Pres. Herschel Cole@mail.com,Jesse Roberts
39,Terese Dickinson@mail.com,Henriette Wilkinson
40,Ms. Cyrus Douglas@mail.com,Salvador Armstrong Ret.
41,Mrs. Archie Gibson@mail.com,Pamelia Kovacek
42,Ema Weissnat II@mail.com,Shantay Senger Jr.
43,Renna Bogan@mail.com,Thanh Bayer
44,Deidra Huels@mail.com,Fr. Cleveland Volkman
45,Caleb O'Connell@mail.com,Neva Waelchi
46,Kraig Dicki@mail.com,Mammie Weissnat
47,Staci Wolff V@mail.com,Julian Swaniawski DDS
48,Pres. Sana Will@mail.com,Shannan Witting
49,Gayle Baumbach@mail.com,Elba Schaefer
50,Rosalee Farrell@mail.com,Leopoldo Schuster
